,Az,Ae,Kz,Ke,Cz,Ca,Ck,Ce,BAz,BAe,BKz,BKe,BΦZ,BΦE,Gz,Ge,Date,Hour,∂Az/∂t (finite diff.),∂Ae/∂t (finite diff.),∂Kz/∂t (finite diff.),∂Ke/∂t (finite diff.),RGz,RGe,RKz,RKe
0,466421.57014591905,104005.4463357558,1599831.3727523466,100554.2593873274,-9.061812866406955,-0.4470900089793037,-0.9285711539259861,0.455344554435878,0.5586333631922991,-0.19303174561653558,5.301514716299974,-0.18768416953023848,31.347020674320987,1.4787658416575742,-1183.0835127223554,27.745968944590118,2005-08-09,0,-2.934102279718548,-0.3393474689503879,14.819797186620612,0.4791026650960015,-13.001638518297106,0.7561188400813293,-19.508666490653578,0.7171288737356241
1,455858.8019389323,102783.7954475344,1653182.6426241808,102279.02898167301,-9.828482152272345,-0.501712622766357,-0.8658476700348768,0.5300827986515713,0.18198106117888532,-0.31334858963190787,6.1630137130776665,0.049296970235224995,34.27882562921191,1.6886277821776894,-1258.917175636436,31.654342089350354,2005-08-09,1,-2.4601051593071395,-0.30115567159542883,15.366300444676114,0.6043383076903208,-12.972280995524725,1.0439883394544074,-19.897616553905667,0.8408891312313522
2,448708.81299890764,101837.12550026871,1710468.7359540146,104905.49520269771,-10.910937562981783,-0.48899151028045246,-0.8966107343823557,0.44641338391863067,-0.5086251259383572,-0.38675372024339777,6.079390513115563,0.29449803306758787,38.57733555479157,1.4592466715859655,-1324.2791881147566,21.032273710870836,2005-08-09,2,-1.8918215172917714,-0.14781072501289802,17.265934679740457,0.6832206958405732,-12.78312546461565,1.174347889429583,-22.994092463989034,0.9543014555280012
3,442237.6870144315,101719.55822744154,1777497.372318312,107198.21799172513,-11.353097657679694,-0.4845641401516488,-0.9534833950738933,0.23162298475024792,-0.9811366613258743,-0.4854021099180332,5.860514213751427,0.4094963129358463,41.88141789551096,1.7154995613983486,-1368.1653906126617,-3.1525153791536695,2005-08-09,3,-1.5265673886292077,0.06744881357742998,19.665990200578236,0.5740854526070729,-12.383092525134675,1.2690380483973598,-26.112057039580396,1.0205172401529148
4,437717.52780077734,102322.7569580262,1852063.8653981779,109038.91046146864,-12.014767305987844,-0.5341033559718522,-1.0590925253247123,0.026719781209046903,-1.1680391959751313,-0.6183698305707406,5.713983740902451,0.44843087605177445,43.93923169231964,1.858017652832379,-1473.333331710972,-32.63876749230322,2005-08-09,4,-1.0169935763252174,0.32023852878200465,18.980852048984346,0.684070220579219,-12.397825042309783,1.4994314965336444,-26.340728139394457,0.8501729620063148
5,434915.33326488995,104025.27563467197,1914159.5070709994,112123.52357989551,-12.928407792194593,-0.5575035317141772,-1.1534792275143428,-0.4471796730150833,-1.4679616063783432,-0.7440517630868653,5.80845154060049,0.5968188687344983,44.920404546256684,1.96762352633859,-1575.7416276985482,-80.57793952503718,2005-08-09,5,-0.48482323450113957,0.6642033026459568,16.744248805074733,0.8106347241478681,-12.502772952031565,1.518578924431916,-25.017684284183176,0.49248369908588974
6,434226.80051236914,107105.0207370771,1972622.456794716,114875.48047533329,-13.50669778726348,-0.6313041337213997,-1.2600707720636266,-0.9359382350306436,-1.5570749240730721,-0.8675329860172082,5.207913805055558,0.7749942760710267,44.97997505140561,2.4544667695068227,-1622.1751474187754,-133.32465177607878,2005-08-09,6,-0.07054584656970594,1.0445224409725173,12.78403153480658,0.8802233499924902,-12.651472843481514,1.6074213256804817,-22.34288628907813,0.21890346311151965
7,434407.40316958807,111545.8372096741,2006204.5341216067,118461.13169984144,-13.896990019112753,-0.634722728644358,-1.4701903384639317,-1.4020671041537127,-1.9058044264600429,-0.9331723736843467,4.331646633950841,1.1918911676620487,44.83697287601448,2.104020952427184,-1651.8063530315071,-177.64126114912258,2005-08-09,7,0.16067848841005697,1.3027273051823411,7.212967684639929,1.1892382896027873,-12.465229832887012,1.468555303357333,-18.248501408265774,0.07077611236948034
8,435383.68562892155,116484.65733438995,2024555.8241241234,123437.99616047335,-14.609663064601355,-0.6391296071132926,-1.6469226633763014,-1.7421969018033043,-2.2339576416840146,-1.0536976670648397,2.9264831569361807,1.6889830051540766,43.91722949388161,2.631088633398469,-1645.374739416614,-207.45923259297643,2005-08-09,8,0.4788400419139523,1.407477955375208,3.5809411893993577,1.7047283008390837,-12.53599498811668,1.3581083277500359,-16.911043760440833,-0.11101953411200993
9,437855.0514713685,121679.67848837559,2031987.310685282,130735.17546588284,-15.220148826232382,-0.5879107005800591,-1.8044855671300475,-1.9246389885984803,-2.6948531073303394,-1.1988843271709306,0.6427054000915721,2.2563651534615614,43.925084949346676,2.5082730033854697,-1707.1807759717894,-218.7629351925341,2005-08-09,9,0.14726495798705502,0.573515712052057,3.324586179137566,2.386496669338586,-12.965941461495046,0.43567175120456647,-19.706515172408423,-0.25028493734545787
10,436443.99332642835,120613.97046116476,2048492.844613914,140620.77217971117,-17.115303496642102,-0.6305943135800589,-1.6713671051873868,-1.2172070124030985,-3.2119274712109585,-1.4629663181477752,-0.8870176517615406,2.65528389544161,44.963697794312594,2.1947484344151422,-1903.7565656981806,-137.31310188135166,2005-08-09,10,0.2403450983749806,0.2816126119329399,1.4015240973257783,2.734761813065739,-14.29362524063622,1.1579662312576755,-21.075212350916807,0.37468217516015967
11,439585.5361796684,123707.28929429276,2042078.2841860277,150425.46051995616,-17.2219942853401,-0.6029082958238084,-1.6656857703520593,-1.195694852866082,-3.909874667087296,-1.460554357175375,-3.212360419986267,3.4028864940199135,45.929278589565875,1.554137891749343,-1917.887725666351,-131.5152553041332,2005-08-09,11,1.9551962582192857,1.1295953165900472,-2.7389031393715415,3.0158479361338766,-11.959831655857327,1.9973631167231485,-19.361137336306886,0.8570294753720145
12,450521.4063856072,128747.0567406131,2028772.7420104388,162334.8773198751,-17.646054420832687,-0.5327594580386513,-1.8603819160427015,-1.3099858117044998,-4.208099478242794,-1.5260073176753401,-4.833027565886382,4.2480948435404535,47.196511568174245,1.6793996576507948,-1982.458328429213,-121.09490223107238,2005-08-09,12,4.418986059587268,2.1379188932417734,-2.8794129192720153,3.3084853947009147,-9.551728341041276,2.886699857251265,-21.460050983489758,1.49000555317774
13,471402.2358086967,139100.30532563353,2021346.5111672692,174246.55536180275,-17.201422210358004,-0.5832709619632439,-2.100041282838571,-1.6262925865961015,-3.780338983096907,-1.6041319687940137,-7.419069171392518,4.998678447888085,48.53245716680224,0.9741200925116471,-2045.4244056020289,-142.95814463718423,2005-08-09,13,6.775203316152701,2.977728678726833,-0.7038171432857052,3.3459730211042227,-7.229150873071639,3.5388390228879887,-26.01671552130339,2.1264541230263316
14,499302.87026190665,150186.7032274463,2023705.2585787817,186425.8830718255,-16.60960505249346,-0.62893026195796,-2.3237051122429135,-1.77739444384081,-2.7808272572852206,-1.4617273861822686,-9.879940122137961,5.614900199747342,48.223127161741566,0.3277354219205318,-2056.2658405058664,-164.06654710643892,2005-08-09,14,8.020017387523355,3.0919117690005,0.49354456935236357,3.564958125160168,-6.437690669642844,3.4051749732999186,-29.306794856226695,2.5962527429892774
15,529146.3609988649,161362.07006243712,2024900.0320666062,199914.25386295596,-16.026237187535443,-0.6344703666522423,-2.688153725555015,-1.6225623500046464,-1.9337293449012305,-1.2566455468046558,-11.66802786298148,6.390791991604377,47.41798350012504,-0.1327426860303743,-2088.2456529281767,-149.0451048146986,2005-08-09,15,7.414323547922314,2.712793184399618,0.5771329166504762,3.790660377614695,-7.3126546613641406,2.9813467478518696,-30.959551692722414,3.6657229895400505
16,552685.9998069473,169718.81415512355,2027860.6155786652,213718.6377906513,-14.668114593949891,-0.7143951930615962,-2.948852998694231,-1.7059268416554723,-1.0750887008020162,-1.0248973260490315,-13.417666633261646,7.088162231922869,45.86212028996122,-1.1408177648372206,-2028.4874752389599,-171.73018264619307,2005-08-09,16,5.235396784605433,2.0083712186995846,-2.07863256057346,4.061471981028125,-9.072024301604038,2.04173689615474,-28.95600166533231,4.269616407933503
17,566841.217848024,175822.34283707413,2009933.8776304773,229156.85212635846,-13.92600161257049,-0.7860958785779979,-3.3938014223592514,-1.3708315548459824,-0.6634112694168165,-0.9755727467355467,-13.90340374565901,7.642518410808477,44.2441943346348,-1.836168934870532,-1948.3582463069877,-148.60550088524712,2005-08-09,17,2.4705945812487657,1.1905399502917255,-5.882409068038913,4.5666408126070905,-11.578091640482905,1.5813770207592879,-25.340797712549836,5.098847465714655
18,570474.2807919384,178290.70179722397,1985507.270288785,246598.45164142235,-13.206375651156543,-0.8160864046948112,-4.000226420908602,-1.0415032208325135,-0.28214345185760425,-0.8633507178516506,-14.175899087016381,8.205316718172703,42.90583291737543,-2.690858981038914,-1888.9695989288143,-126.51200415819397,2005-08-09,18,-0.49712362762407997,0.45526067794965963,-8.641368585945553,5.173845835149231,-14.23744223161783,1.093194579663608,-22.74113257313597,5.990194083099561
19,563261.9277291306,179100.21971831168,1947716.0238116693,266408.5421394329,-13.27981572467608,-0.8288980814955814,-4.710767828408347,-0.5915759420217618,-0.1454562514168195,-0.8045781229641724,-14.04123046710272,8.347276718745098,42.18893403386853,-2.8426550448571675,-1822.1453022410217,-79.97978250543471,2005-08-09,19,-3.223649711621288,0.17847727897214402,-11.293793740569058,5.573820730886162,-17.186907266376128,1.2203775414101359,-20.73802027961809,6.8926478742455215
20,547264.0028682651,179575.7382058234,1904191.9553566878,286729.9609038027,-12.46238369075264,-0.8721111434456585,-5.3783678131596,-0.24472621206370818,-0.1158337046204219,-0.7575684032978831,-13.93549092051456,8.198857108635016,41.105560106896654,-3.5699988724060585,-1709.4102682974917,-51.876316731904915,2005-08-09,20,-5.174752516485266,0.16570203682798212,-11.999371308714844,5.765482391551107,-18.39341364606314,1.5506553715078157,-19.776871115711955,7.567016318179801
21,526003.7096104367,180293.27438347315,1861320.5503889224,307920.0153586009,-11.631385961431308,-0.92188027925884,-6.157652812018442,0.27007651989438825,-0.09518101286774489,-0.7653109199854156,-13.175372248895261,7.852277369194108,40.75346700921693,-3.818067320360109,-1596.182402081357,-9.739665701052747,2005-08-09,21,-6.928071088839788,0.710034839724083,-7.449460180593984,6.4559866608665875,-19.38615631666219,2.6673025588627266,-23.514950841751027,7.8240200402403515
22,497381.8910286187,184687.9890518368,1850555.842056411,333213.06486204214,-11.499700793095153,-1.0451866879256566,-6.520414309016724,0.4997701907771806,-0.12732495309786365,-0.7262468020905929,-12.289799009928734,8.192320553563393,43.519745165651926,-3.7794141672370154,-1570.5872384404636,26.29952320328999,2005-08-09,22,-7.850917303104951,0.6749569585206578,-5.822533771032985,6.453191837767655,-20.268479831027896,2.946160639314088,-24.487380341007626,8.759313215589643
23,469477.10502808105,185152.9644848219,1819398.307237485,354382.996590528,-10.56696500226389,-0.898854490945226,-6.935073707288941,1.1444165208724335,-0.21673462190988058,-0.760341811425351,-11.551500887812015,8.056633418999867,43.755295727366885,-4.040399486487923,-1355.2237092496773,122.89768114847578,2005-08-09,23,-7.2200781437342005,-0.12988613991087428,-6.513085218753258,5.9322054650298455,-18.469163015033438,2.673726683332136,-22.54045437861159,10.203918182131396
24,445397.32839373243,183752.8088444785,1803661.6284813876,375924.94421025703,-9.65583612868456,-0.7530227028095324,-7.406242622894195,1.530817505405149,0.21723505959961778,-0.7744142063327016,-12.033487669543003,7.995930923153301,43.40086926112205,-4.596480362231014,-1241.604721397667,179.27784892843542,2005-08-10,0,-6.13602463912366,-0.8379679319094107,-3.9701762548291137,5.925704792585287,-16.762118530217368,2.2202864826379725,-25.125390166292647,11.007286258867357
25,425297.7276263907,179119.59537507413,1790813.0382027153,397048.07109714206,-10.114304156171887,-0.6800312401047035,-7.719313474924479,1.9634341636439727,0.41012604031056166,-0.9105825112465947,-12.315919470490638,7.944247569539032,45.54817181789332,-5.050778574460136,-1223.6300830648663,229.22914162802383,2005-08-10,1,-4.993428156986499,-1.4310705677227493,-2.7475982385203435,5.798707429722425,-16.197889593573652,2.1229773472725215,-27.40193886306666,11.828287778385057
26,409444.64566342963,173449.10075687472,1783878.9211640412,417675.6377042585,-10.563933788905072,-0.6703267629231688,-7.818520557948097,2.0850630067291,0.43934873155567594,-1.0086775889026478,-12.81723008101375,7.765178102369206,46.91675431046787,-5.846220615946137,-1223.4763920387597,243.75564173724817,2005-08-10,2,-11.251618201409688,0.12428637021502154,-95.69189831747825,24.752461660286436,-22.925227484793602,3.888353728769938,64.49221388961134,-7.083699993240031
27,344286.07657624094,180014.4572406223,1101831.370316872,575265.7950512044,1.2424544781216678,-0.6731370431347978,-11.934143330813871,2.264151260435174,3.9178308237113315,-0.9323503897858862,-6.120553245619549,3.41921222698507,23.85245525823726,-5.645345434901703,-336.2853228572287,274.8939010161688,2005-08-10,3,-11.526283074959291,0.9604861354913818,-95.44692224475193,23.570437871093137,-14.874796463683754,4.830124828847239,78.63468014644019,-5.952931052859022
28,326455.40752372274,180364.60093241266,1096661.0810018273,587382.7903761291,1.5585501539785376,-0.5208353669926555,-11.742958952160953,1.8823675642906965,3.9401413255416866,-0.8849491699833009,-6.195742858256831,3.2939877433391747,22.7356628349756,-5.647642709043326,-236.9855474663702,239.94922804224763,2005-08-10,4,-4.785108753517698,0.1544611000035002,-2.1745178795232074,2.6832026043989594,-7.687535292073503,3.442613201270153,-14.205633776916038,14.236111655391865
29,309833.2935509135,181126.5771606475,1086174.8415843048,594584.8538028769,0.49651887570283726,-0.45490623308263806,-11.144549214219186,2.0230610852154505,3.4743697063759793,-0.9349895946043624,-6.4445468435932725,2.9095891808184673,21.09771400427797,-5.257924876928845,-326.2149622107074,251.71320390823584,2005-08-10,5,-4.304077111401154,0.034759099267333414,-4.167784843811306,1.9428169175459415,-7.736834175156933,3.4477160121697845,-12.924792338298314,14.134382562707163
30,295466.05232163443,180614.86644713747,1066653.0301263859,601371.0721824599,-0.12861466679940986,-0.3909351075901647,-10.500570324623379,2.730769096835205,3.3131051012914345,-1.0308426979165315,-6.922094258135618,2.428514182697414,20.387447523416352,-5.884140914821965,-328.1179773124123,328.27553722009037,2005-08-10,6,-3.8559476129487305,-0.3433380910658444,-5.056717009223713,0.8963522779551567,-7.688602488629739,3.809208811276057,-12.494562240334695,14.763501326200842
31,282070.47073768266,178654.5429049734,1049766.479117894,601038.590204154,-0.18794904845949098,-0.4248140296262082,-9.63417050654478,2.9354783070252646,2.6521147188176224,-1.111432079464699,-6.528118156914045,1.9594498138030012,19.01605380903499,-5.683696963125163,-309.264586459452,344.8397807561236,2005-08-10,7,-3.662476798064567,-0.746747643446971,-5.532209396348464,-0.20816710257176763,-6.9273545949678885,3.724976772669201,-10.818028315569853,14.737265729944813
32,269096.21937556955,175238.28341431927,1026821.1224726769,599872.2690439431,-0.7152879743200429,-0.4302831642731435,-9.113515842710893,3.302517724597213,2.236406901581752,-1.2481819552124704,-6.076133143816278,1.5602906723060441,17.686935777514883,-5.335149027170949,-320.7569520386386,385.47095296603743,2005-08-10,8,-3.901330551516407,-0.8151078954155593,-15.105211563829249,1.48977916633762,-7.283308591691346,4.165874948667268,-0.7997253970179647,12.48654507327653
33,253980.89076676453,172785.76605798138,941008.9558583235,611765.0002017849,0.6619639717141449,-0.33217588531798264,-9.04756549934792,3.280449946251047,2.134994297288934,-1.3216260653749115,-4.393389800112059,0.8967588303492288,13.25504820319335,-4.598412812121098,-83.13308182754133,393.20427790175086,2005-08-10,9,-1.5931944276424272,-1.3982811143147207,-6.47925395315513,2.0795754264258237,-3.3984006385351995,3.5359707826292204,-6.299737374590705,11.145198849522373
34,257625.21949654407,165170.65939125328,980170.49400996,614845.2121142091,-0.81497624647051,-0.22677379505499623,-8.28204312534726,2.7106305278236724,1.9405472249557556,-1.44252541834749,-4.041634998463694,1.4307562387744828,12.43307831884985,-3.763248862939881,-154.8526346322464,333.76963643053864,2005-08-10,10,-0.8142641034519733,-1.8232191062871426,4.41951210999918,-0.1250701299236971,-3.796561369933235,2.556710634939016,-17.558166480280644,12.548500021869112
35,248118.18922191032,159658.58849271396,972829.4430503176,610864.4952663343,0.04421899013257793,-0.22072238835935767,-7.834865966650817,2.6017437093981886,2.000553724535344,-1.3953912469373928,-4.182465647497244,1.5252608753242765,10.836003782097201,-4.815538777033472,-70.31301402288584,310.56751730577963,2005-08-10,11,-2.17581817519659,-1.8438172263201018,-2.2904749589881166,-1.3960366514046554,-4.352875297958715,2.374040118374837,-9.682637665027366,13.357907202777938
36,241959.32863512862,151895.17536174855,963679.0743052455,604793.7482240956,0.10779757641762715,-0.41665403026845077,-7.173579701246846,2.6569193193543987,1.8392582738705052,-1.4910314944527718,-4.1098343836077476,1.6820249067193773,9.868836522269168,-3.823038473906188,-33.966282938758766,300.999103359362,2005-08-10,12,-0.9789011594607978,-2.339694091179505,-3.1558163419071774,-1.5780130285513103,-3.127015887182127,2.2249107528961165,-8.019800166529789,13.090536955871933
37,241070.10087379257,142812.79103622152,950107.5653885859,599502.8014607648,-0.2758160289232558,-0.5417669872809434,-7.211336142985216,2.8793480955421566,2.0667668039419693,-1.4984586745633999,-4.073773805330794,1.6249374792947615,10.372838931546005,-5.27868188080214,-43.82609527051094,316.92539165986796,2005-08-10,13,0.252224357615685,-2.266111839588828,-2.4242355850045474,-2.383026316297603,-2.6321254625304835,2.653461917797672,-9.13669039223472,14.098648034119737
38,243775.34400996155,135579.170116709,946224.5780932128,587635.9587467528,-0.10108798246218648,-0.6180707435475218,-7.016432814643616,2.211599923098977,1.9689057543257147,-1.2563130204248862,-4.107291075821868,1.5875426505727763,10.165940003424712,-5.075150154173616,-43.53649730810854,240.35700144064998,2005-08-10,14,0.995666615595037,-1.668958597881778,-1.604201499527262,-2.990857956892659,-1.6923978647403861,2.417025089189607,-9.620610373400408,13.80643334520803
39,248238.90050607684,130796.28913147272,938557.3145919896,577968.6241711377,-0.8679142064117108,-0.6843381363104379,-6.907775326001377,1.6294560845439992,1.8856361463464022,-1.0736632574385907,-4.290034188898012,1.5188955291471165,10.51288451028569,-4.456703005259301,-139.15579784004797,176.3673798150634,2005-08-10,15,1.2254885444405268,-1.1212732452132008,-1.8923815717950896,-2.8048359952351083,-2.2123999446280243,2.266184233079827,-10.17334214951601,12.8609629349276
40,252598.86152993335,127506.00275117395,932599.4307762882,567441.13958106,-0.5030925180708625,-0.7454671155283606,-6.426886388035072,1.2767875787869496,1.7522492134207153,-0.9383029429684511,-4.5904081154117105,1.6565160864630168,10.168231542929638,-4.17031412118226,-104.74885895694821,131.3748975870216,2005-08-10,16,0.4877462171084052,-0.8171900813134542,-2.6641619762263793,-2.554052883039306,-2.5130626299115333,2.143367555970307,-8.856225045291266,11.914242936324344
41,251750.67326925736,124912.52054601585,919375.3483631597,559579.4434132547,-0.8824867105101565,-0.7398964199103434,-5.99374587314189,1.7118470202075444,1.6023623100130866,-0.967174208763724,-4.442500589963982,1.7702268444290206,10.00806483114344,-3.99392236472922,-132.083043420848,175.85417514093598,2005-08-10,17,-0.7598752057410133,-0.7873755581495283,-4.195251685020776,-1.7078285619694766,-3.9846206461745997,2.6315420907320837,-7.123481488595252,11.183648299747931
42,247127.76004859805,121836.89873249734,902393.6186441386,555144.7739348798,-0.8433015973776279,-0.7266364592480452,-5.726210598360123,2.0798640039372853,1.5771178578860803,-0.9699865850481193,-4.160450160130235,1.8078524761506582,9.929240920084927,-4.197653433772079,-137.7047354144049,203.4932923916231,2005-08-10,18,-1.7576851874096286,-0.9522645725711097,-5.0137197462372,-0.9066216960852519,-4.904741101921381,2.82422247566234,-5.716242609630786,10.520548774533319
43,239095.33991990803,118056.21562350386,883276.5661902518,553051.7672014409,-1.4511350238973506,-0.6700765422001635,-5.233348366873109,2.232162843161782,1.3894817060182323,-0.986298512731758,-3.7063118844710843,1.7531619430852672,10.027852332469687,-2.748627999885446,-175.0432725007198,220.84385119234634,2005-08-10,19,-2.7435526471671254,-1.120731850113334,-5.415197015924754,-0.25322175129986135,-6.254245919282872,2.767806047980369,-4.97559825931679,9.471894904420019
44,227374.18098899475,113767.62941168134,863404.2001294803,553321.5773255208,-1.5837905750197463,-0.6238834575946033,-4.776610443480261,2.7849050427395756,1.3117549208975903,-1.0167191076123452,-3.491279132287971,1.7027037685233979,10.218143285579687,-3.8010807452188087,-152.8119228655144,283.81043116284155,2005-08-10,20,-3.885723149178464,-1.4210455768126606,-12.04914710912936,1.2539777684615951,-7.405152102690403,3.0044620311338637,2.1974669583413813,8.01024148628164
45,211118.1332458231,107824.6874704527,796522.7070045205,562080.4071343644,-1.520593337264792,-0.597785936184105,-4.381156846765258,3.0665729265737225,1.375452581248216,-1.0887565602803526,-2.1443365369414815,1.3994899501304625,8.561239819643097,-2.5827896251834717,-102.30591650833749,321.67038931026286,2005-08-10,21,-4.095970077392279,-1.5730070358410295,-9.284891047288175,0.30509248009675904,-7.589801932089392,3.1801083871971505,1.238804326316644,8.542127243372684
46,197883.19643177034,102441.97875362592,796552.9845890055,555518.2431822175,-1.9385730486602994,-0.5562550804499727,-3.545038157519315,2.5730834083301635,1.2954993053427217,-1.0873578075952568,-1.9665516318214222,1.6117587262936792,9.63517039406596,-3.336692595757404,-171.5157108965346,288.52317587645024,2005-08-10,22,-2.915291411178821,-0.8958416995779872,-1.2370277892656547,-1.3025111893279406,-6.705618845631815,3.320854596797406,-6.213135048735381,9.032391481471098
47,190128.03508533558,101374.62723349119,787616.1069218077,552702.3265712032,-2.063057936524124,-0.50913309750262,-3.4874874007880856,2.66187484694606,1.361083743505877,-1.0835254828013743,-1.976997723341611,1.6988073920834943,10.921722638066182,-3.1675978082882654,-211.85848400716912,301.3268086605175,2005-08-10,23,-2.1225815872158678,-0.46128874344615217,-1.5453336882923032,-0.9284021155529546,-6.055856364748489,3.793244683803902,-5.982209372361517,8.776571755370595
48,182600.6090038161,99120.69980081363,785426.5820333009,548833.7479502362,-1.4045370943077706,-0.4471026499874009,-3.2367275054207454,2.497065227200254,1.4261966206991852,-1.0798775312004,-2.1952477323665756,1.8951083334141947,11.399587935880083,-2.6120508402457583,-151.9672816393898,279.0293842334927,2005-08-11,0,-2.131459336877043,-0.5622435292097321,-0.10486007408348895,-1.059690839174097,-5.4092957018714,3.4618018791783225,-6.731652258011603,8.688591905209291
49,174781.52785982087,97326.47382318112,786861.1143884066,545072.5525291497,-1.001329687949439,-0.3691123450758835,-3.363559622519062,2.1926289275007,1.5278619752392806,-1.1438493314264828,-2.4250058242297787,1.9513382218223887,11.976712105607783,-3.9727870126197695,-81.02755018120354,255.71373717633105,2005-08-11,1,-2.193798194287827,-0.3149158948042754,0.9256460873613509,-1.4221948136524265,-5.09210220255243,3.390674709198791,-7.715541222059631,8.929721585494576
50,166805.26200494374,96853.30535822285,792091.2338623026,538593.9452919387,-0.6537018701477921,-0.365372464205574,-3.5401457229794175,2.2580898579729474,1.5138849388784759,-1.1708033216548652,-2.7887022080175248,2.0407568044734163,12.902162132368405,-3.531409909507447,-75.58072224795865,267.63752017276386,2005-08-11,2,-3.120193099774992,-0.3191381161297007,-12.199013605787332,-0.14799020841751676,-5.653152373006835,3.4751275277036857,5.216463804642598,7.9869825938432975
51,152316.13754144093,95028.67938704728,699028.2164267378,544007.0230285436,0.6960703000469105,-0.3146647038004923,-3.922460839774878,2.49744578102456,1.5347641419317355,-1.112353471249106,-1.8104105662500158,1.9149926078819424,8.21333360924945,-3.99725200394025,102.22401952199267,308.9208196220526,2005-08-11,3,-3.132739624072112,-0.25356437028594075,-12.518709634937032,0.02692350473497451,-4.286098169757429,3.670899585788218,7.481908528959049,8.307975723946406
52,144249.53671162453,95027.64189216407,701956.524490756,538787.7945260305,0.6965521944596497,-0.27626327437311327,-4.234529451735124,2.434862256218031,1.4942034231791994,-1.209771151052601,-2.1979211690824525,2.0010098115295256,8.071292961038894,-4.712168638531786,81.51059587312696,312.68192303553633,2005-08-11,4,-1.999531445525471,0.04339886986314822,0.36415934362448754,-1.0087968016663378,-3.073445948618134,3.964295551506894,-6.100057769982415,9.679198321149018
53,137919.51113365754,95341.15125006194,701650.1637008341,536743.6860565459,0.627828040651214,-0.26082511763637023,-4.560830872302863,2.347426943789472,1.4616096471497184,-1.286970209213761,-2.5397287225137837,2.067725354052934,7.657505146066599,-3.4142742073177508,71.25065649157229,310.79657734200043,2005-08-11,5,-1.6203054159480477,0.1300342350024928,-0.6119455333271536,-0.1874500390522654,-2.714912140082922,4.025256505642096,-5.86078602083828,9.163433209197535
54,132583.3377167986,95963.88838418202,697550.5166508005,537438.1542448542,1.0007213345153307,-0.25381165380038895,-4.838502841456456,2.2252954092756023,1.4118870696072896,-1.4332058445233233,-2.8134377266282566,2.0401374739644695,6.905925707233977,-4.062748775797739,75.91994062549237,298.13772094035755,2005-08-11,6,-1.3194556279001781,0.10056725642580204,-2.1936565562037385,0.4854990767504205,-1.984433016792526,4.012880164025116,-4.457562677365643,8.618436647946107
55,128419.43061277625,96065.23549632772,685855.8364961672,540239.279409149,1.1491938652603002,-0.19910995607675272,-4.936191565673904,2.1482200134065543,1.3383205156355749,-1.564487331543935,-2.5990091212004756,1.9521517731812388,6.087197827029633,-2.738208937241456,83.80595485065454,292.494926229845,2005-08-11,7,-1.2052476126992082,-0.07999859241742444,-3.372777509643379,1.0616369873888065,-1.5934842191512355,3.831818708609817,-3.0132293119707003,7.974926364872891
56,123905.55490536429,95387.89851877656,673266.5185813681,545081.9405540536,1.655469735928446,-0.16966839259913025,-4.825987269023916,1.8416764789848403,1.2527273693828251,-1.6283747069474033,-2.258685354480482,1.8146256000052512,4.9341603221326125,-2.4982668646605277,140.46321445613327,254.14825662239622,2005-08-11,8,-1.2760983108860415,-0.11474250460213321,-3.9167221577152347,1.3638067487859937,-1.0430243369395509,3.5249770739292403,-1.5124807298607168,7.118482599228013
57,119231.52277439676,95239.08946319236,657655.4369606175,550058.6880004081,1.8936758299739664,-0.10640903664689569,-4.59194774269012,1.5792248415557522,1.1353880842989106,-1.6704237717943433,-2.020344853040523,1.5188379176000153,3.9882781127934948,-1.7676513599926502,178.1083018290712,230.51722824238922,2005-08-11,9,-1.1091457093605601,-0.5763820414288199,-1.846876194789802,3.63752357779614,-0.4572670003324,2.779675608568171,-2.8717405709668746,4.052486924049748
58,115919.70579796826,91237.94782048906,659969.0099788816,571272.1103141858,1.9531346786147172,-0.07159979983909699,-4.579008177484421,1.0033644255207648,1.1438173865610608,-1.7515192493341367,-2.0530072830318358,1.2463307727880246,5.885243475190842,-1.6782566336623592,151.13904887325376,170.04627489760057,2005-08-11,10,-0.8506432897722314,-0.6861905887723878,-0.6813251974855342,3.0938100135054265,-0.11292579755767185,2.140292885921611,-3.997555584416005,3.734893362287784
59,113106.89108803669,90298.51722403117,652749.8955387217,572334.1200976472,1.7151759288209094,0.004298834776112826,-4.417539926898317,0.9936173726047607,0.8941397516664871,-1.6500363572403445,-2.248358199356983,0.8495541303499357,5.733513632960502,-1.0585037482937978,135.8993292211963,167.95456929839202,2005-08-11,11,-0.5223758272473302,-0.5337054428737611,-2.2256905399942157,0.01734853579250436,0.30295918468320493,2.105649452195231,-2.7250316574401747,6.243362894060509
60,112158.59984178748,87395.26863179798,643944.0380909232,571397.0197718919,1.29131986636244,0.04760733167182477,-3.900446760014231,0.4811320825809136,0.6609408794131824,-1.5406889850745866,-2.0867776980681834,0.47847473762995757,5.572187081673819,-1.8385797274860647,105.57198551798655,108.83309290909845,2005-08-11,12,0.18161406106191053,-0.9969339046946859,-2.383417313762992,-0.6623684735469578,0.859600379682993,0.9772798312889894,-2.3124872779569823,5.52242205377206
61,114414.51232768245,83120.59311022943,635589.2908796282,567565.0670881091,1.3035071266927638,0.09517582331586139,-3.4598177062523674,0.04612370164434821,0.4613249573523182,-1.3626901018258575,-1.9984947703232474,0.3427954855438133,5.406387325121795,-0.6836965643812414,112.15583538282318,58.36208127430888,2005-08-11,13,0.5532895598900803,-0.8794083835142373,-1.7984399356401668,-1.4923248487124188,1.4906475525463874,0.43422959664010696,-2.356365414242684,5.341061742152948
62,116142.28467299606,81063.52827049547,630995.270554314,560652.2808611625,1.2690753607894971,0.1710777685905576,-3.007445533239418,-0.23158010962780481,0.22409679309508346,-1.152535346945545,-2.1973585903835966,0.12429408354403021,5.158585532144439,-0.69824077969239,127.6717936622455,36.599102003657364,2005-08-11,14,-0.2277383976248752,-0.47028256470923024,-8.682471946513267,-2.36000765247112,0.988317938660096,0.2795949040179524,4.74674318367975,5.260167159626763
63,112774.79586478334,79734.55864432297,573075.4928647326,550573.011990317,1.3299490675345962,0.25525093389616615,-2.364278368385858,-0.07727213589622509,-0.195532076406781,-0.8503457693528307,-2.3170231636789715,-0.268489963852365,1.847737252706216,-1.4884927184188075,160.4443897872871,63.962706871186754,2005-08-11,15,-0.40804867084781615,-0.2792707371847569,-8.045338365112725,-3.026813478032208,1.3726834069897271,0.23855196237568255,4.693985900582492,5.045329746669476
64,113204.33424289178,79052.77896276522,573068.8343255024,538859.2238193306,0.9488483510240607,0.25611268431207396,-1.766301261849511,-0.03203532651642221,-0.405739182309367,-0.6833701490703165,-2.75370807014048,-0.34719874221139596,1.423708704555028,0.566693854579447,148.93171917183994,61.75594556653976,2005-08-11,16,0.16941051145631517,-0.17055715156377926,-0.699291694017512,-2.9969092553386387,1.780110729101817,0.22466498667804102,-2.871869286948418,4.383976448460332
65,113994.55154726881,78506.54715306376,568040.5926678065,528995.2653518788,0.7852251923130376,0.2697572576540504,-1.224554569530293,-0.07500998083455696,-0.5314794114454963,-0.6147906824629704,-2.8527627280582912,-0.36693059939277717,1.187968116762958,-0.5705940681702671,179.393554195689,52.50630985084829,2005-08-11,17,0.04413493622536609,-0.20618893764744928,-1.768090445627895,-3.043263776544077,1.6305967976379505,0.06383450632691379,-1.5240016596476518,3.8258777658470358
66,113522.10578371442,77568.21861170359,560338.5831169816,516947.7246282132,0.6334025035762126,0.24477632920519632,-0.7195369885583719,-0.31457569032817445,-0.5574992536590352,-0.5870549220614684,-2.7036368701103695,-0.2536381189581478,0.35494883104297253,1.0764678383718294,159.08386307683898,18.495222884040388,2005-08-11,18,-0.2953674781695817,-0.2855703432939461,-2.9238190775354775,-3.086206870081118,1.1403106082708625,-0.25786744076584844,0.13404772244294882,3.2375300493531673
67,111867.90570444782,76450.44068134735,546989.0953095511,506774.5758872948,0.4835127947697122,0.2537193961746793,-0.365284397535471,-0.6753018988086436,-0.5899767439126241,-0.5794903909288173,-2.604624660990972,0.10130527072440342,0.05174034378280965,0.8592211167600974,158.48316769514273,-24.60894174617163,2005-08-11,19,-0.6273910744879807,-0.31742299978942257,-3.026613595906723,-3.077975863760334,0.6998178603690349,-0.6669539038439282,0.5402173321499917,2.8692636332115646
68,109004.89004740096,75282.77301321975,538546.9652264531,494786.2984091388,0.5249687930584731,0.26030741209595676,0.0061113866582391966,-0.9217735901220209,-0.6063909095386096,-0.5688082040429192,-2.399740374325628,0.44611952969899227,-0.49638732175659084,0.8340564430006328,135.5390321310818,-59.9730133290703,2005-08-11,20,-0.8601879613849834,-0.3087887759058261,-2.4479250724736064,-3.1372666819700035,0.5314791533080561,-0.9220615740808844,0.5792648778646909,2.6555012348887352
69,105674.55238247594,74227.1614948254,529364.0347877411,484186.25577711075,0.3951876577054198,0.3038965927429187,0.23309777506277193,-0.8969307128908539,-0.6093134200975436,-0.5873931450737885,-2.0053628083931603,0.7076805829149078,-1.157899345031879,0.9014009246552749,127.47964546375738,-64.99086799371756,2005-08-11,21,0.07563118830744417,-1.53842011192555,-0.31914158978185797,-3.182307847000872,1.3840288588533263,-2.1518542724855343,-1.0579357858431107,2.7599599419621534
70,109549.43460321455,64206.148207355785,536249.1457800238,471873.6819107325,-0.042316354994204275,0.19714634519359744,-0.03095539179072313,-0.7235791989235493,-0.5266233798676783,-0.609867185910021,-1.3067024921225558,0.00927287283372781,0.06979818144551106,1.1353644381705135,60.344130243857215,-61.91627843158126,2005-08-11,22,0.11944586495242321,-1.5116740021094321,0.8913253671195708,-3.4749135920101577,0.8008992350194947,-1.8225323603165577,-2.2712996060270543,2.7915626577110593
71,106534.56261013339,63343.10867963749,535781.577431002,459166.8779146376,-0.39833168401123925,0.27571074722307104,-0.1302445978344583,-0.6020857597992476,-0.5208278955720927,-0.5587283094810966,-1.1898305502461273,0.04624974835943118,-0.2935281360007767,0.3958596876463156,22.063572387559244,-44.875068917867644,2005-08-11,23,-0.7144848646530955,-0.22927066680227248,0.07342137530989325,-3.3875109970525794,-0.3162779058691708,-0.5483388643434943,-1.791828207401718,2.961919583447221
72,104405.14357771227,62555.39940637942,536777.779682255,447483.60273195396,-0.710861538402735,0.29652840071664666,-0.3541790012260744,-0.4080301767241478,-0.485941528655948,-0.5110620977806547,-1.2777241819708547,-0.04609332081543489,-0.039855892314625226,-0.30423573287659267,-6.474524688045032,-25.85042981156137,2005-08-12,0,-0.5943811803966976,-0.2579611775236592,0.5809914531856096,-3.3400952500773404,-0.522772789426838,-0.45145765718379904,-2.923756174785274,3.240150753763832
73,102255.01811127717,61485.78820146714,539964.7158939384,435118.19211408077,-0.8327850305229769,0.27485083024684526,-0.6668332190001325,0.023578359335008205,-0.3895354152916004,-0.4275403987076385,-1.3036785144287746,-0.2502158600199382,-0.08806793494901784,-0.2559011204479663,-16.992448930295797,15.47840457221539,2005-08-12,1,-0.31696913529490606,-0.3000133752238536,1.162129369921814,-3.110590752967918,-0.4853679202794372,-0.12374544742805216,-3.965426133873698,3.55078647128312
74,102122.96580358894,60395.30310476768,545145.1111456921,425087.34931058495,-1.009988489936606,0.23476242017688803,-0.7645640377020321,0.11104471550543557,-0.2603523998847318,-0.32272324466920455,-1.4237178548796712,-0.45157703246571895,0.517431281021347,-0.17587161923949596,-31.210430336165427,17.862830565070123,2005-08-12,2,-1.2248129559620995,-2.827255841474289,2.614309229373385,2.352707464465267,-1.739686625837086,-2.6282503014765366,-5.812579611891694,-1.928675743723518
75,93436.36482835005,41129.54614285226,558787.7423454268,452057.6858582307,0.06564296269195419,0.09321425497838669,-0.2993044311322604,-0.3233181548947499,-0.5866448901140875,-0.5094720056010211,-2.334111683916982,1.217857510395592,3.1324075412653287,0.8709732741889399,65.04899934307517,-26.276207384168053,2005-08-12,3,-1.242459117422956,-2.6662139491951167,1.6891046907093066,2.460685100585421,-0.4969570096385276,-2.573274353467232,-4.2568778430665954,-1.2668413139523187
76,93177.26015814366,41198.56267056284,557306.6649187991,442804.2820348,-0.03520307962141087,0.06809490855445981,-0.42383586781617555,-0.684210326040397,-0.47266281173704583,-0.4713121679891534,-2.2790202713852694,0.932354613537646,3.0241837642066876,0.9443174339999231,50.0763280607926,-66.25546323158896,2005-08-12,4,-0.09161918867787083,-0.017322354030663217,-0.04125386196271089,-2.5615291098942303,0.4139354519922239,-0.2983154206363667,-2.696805356860145,3.233509265207655
77,92776.70666986938,41004.825193831486,558490.7145392953,433614.67626699223,0.32897223538821235,0.07982049858041758,-0.2870831784161743,-0.6509548644652667,-0.3276807711954963,-0.47489562203523183,-1.980949234397727,0.6960307605380731,2.258417925549154,0.9493854843620506,95.73983736942168,-60.99826137387079,2005-08-12,5,-0.13425983681872217,-0.0414346655255627,-0.16741337739673326,-2.407831420575377,0.602213668345404,-0.29731440653601515,-1.7716468000289558,2.739990495064358
78,92210.58933304886,40900.23307877879,556101.2886015426,425467.89580665727,0.3323634230921245,0.07176897853723745,-0.28100037133709777,-0.5463278342112606,-0.24720719147144962,-0.44205964681633636,-1.9109629621693915,0.5451081631988166,2.077051555480451,0.7197373689665034,105.74171111111316,-50.2974788073199,2005-08-12,6,-0.18839482891080075,-0.05003696701222098,-1.1877819859363403,-2.1606084028773167,0.46294476419001085,-0.22607413294438272,-0.6718179244780245,2.4403891032019702
79,91420.26390171162,40644.559031343495,549938.6842405536,418058.29576627555,0.7241141256024336,0.06929253985610156,-0.4260351015994143,-0.28137867795585064,-0.11944080826945316,-0.41095942683925,-1.748871414747989,0.42643046119409406,1.777730043684658,1.317795017314404,133.4031861919496,-21.603757992007353,2005-08-12,7,-0.2717997786001757,-0.021725091340765883,-2.478095520536994,-1.6248448733869332,0.6410476951278126,0.03856311768653192,1.0273031297920243,2.195931758224591
80,90253.6309271276,40743.81242112527,538259.0008536762,413769.01271827135,1.0431131436218606,0.04699192445199293,-0.6528968071070838,-0.2316996239287483,-0.014453195159904179,-0.4012156916221822,-1.639501009010073,0.4387867551518398,1.4720594225924064,1.1368911289989636,165.79220816650607,-11.81384195978661,2005-08-12,8,-0.778816323531929,1.4715233671946124,-9.6634786689161,0.00791747941798854,0.3257419397018287,1.5940475104360532,8.414193996420805,0.8520664589121867
81,85812.78637228173,51239.527275144705,480361.6378243577,418115.30161808507,1.3089605882251565,0.01648194101140277,-1.091908824018748,0.13774369338476586,-0.2303589853053078,-0.029281339372409038,-0.7538839465008668,1.0044494469775405,-0.8717747500089886,0.3510928096753987,190.42101242744386,22.769405198554892,2005-08-12,9,-0.8937013600041529,1.3531071592181463,-6.76377144800419,-0.861990965264146,0.6621001545377141,1.5036502509639182,6.226939265709731,3.0960929296452004
82,83818.9811350977,50486.18396749593,489559.84642804606,407562.6777683695,1.493655605307429,0.042569928996668845,-1.0482931848215111,-0.5371341867711706,-0.21491458672207348,0.0032751015329223377,-0.34979638560108683,1.1086877862189264,-0.4643703001783828,-0.37405357265369354,203.5007101867862,-44.901042472903015,2005-08-12,10,-0.8501696173714905,0.12631673199323207,0.12546773876789505,-1.8655250413593119,0.9009705036546809,-0.45666248530752973,-0.029901703883064013,3.4853718256285786
83,79691.565127207,52149.007745495976,481265.00554348656,404683.521320298,1.165193393560679,0.04145747663507788,-1.2249137197857414,-0.543128879827442,-0.05496190485544213,0.006656487501064236,0.05488121733140677,1.187104986252473,-0.8532699600219665,-0.2959481150603571,160.67949199836968,-44.09529495669879,2005-08-12,11,-1.0107174098647576,0.4345953886226441,-2.3953025067439495,-0.29932996751363844,0.2508953651864415,-0.15664745534094,2.390463397850294,2.1682197937244108
84,76541.81578407144,53615.27076557896,472313.6683794896,405407.5020022713,1.026856857749627,0.005396548829563678,-1.401228679137369,-0.6624860135415405,0.09105707755698152,0.04574989514576795,0.3510101452115078,1.2047355465395186,-0.8648227568564796,-0.3861402626968849,124.47435406473643,-57.78181099730869,2005-08-12,12,-0.6553471669848618,0.2018424351222873,-2.8389772698737055,0.04829610688894011,0.28584916203734745,-0.5117900223945848,2.8156155936974714,1.8951821052464068
85,74973.06552491599,53602.273278376444,460824.3692003959,405031.2532898984,0.8164048964162522,0.0005113891723068544,-1.6897281405924427,-0.7289895466227136,0.22159139728200974,0.07830453813789577,0.6725745646052909,1.024421846237805,-0.31731173938951834,-0.46141849601624335,90.0420808115321,-60.545707374679104,2005-08-12,13,-0.23124552538827023,-0.12093039440466985,-2.2587863865388096,-0.5039457165372975,0.36407936291827914,-0.928735868337586,2.05803770696791,2.4891061567448314
86,74876.8480012759,52744.57192586534,456050.4063964102,401779.09284320276,0.7400029489720247,0.0023421601538330247,-1.8053217325855822,-0.7877827843199857,0.24113183550985817,0.12069160813172179,0.9658799790581679,0.7834389768221653,-0.2956127319993603,-1.12783498413611,77.36747504170741,-62.26122181258976,2005-08-12,14,0.2055806479399851,-1.4764396048200483,5.175513423692545,-1.4752466032699159,0.7067939215559846,-2.387256157425589,-5.274952228247934,3.2762245283576776
87,76453.24619008388,42971.908123672096,498088.0658509822,394409.477746355,1.1736241793442417,0.060665831861489355,-1.4855818319752812,-0.4881281963797195,0.3416249467360389,-0.12807158910562258,-0.42283533541973295,1.100029338160679,3.3336322113657726,-0.5972971825203842,98.5702503599785,-32.892976687740564,2005-08-12,15,-0.07588432035605162,-1.2721760500658204,5.593648289770475,-1.3291214926591945,0.8167807441136408,-1.6928984892014067,-6.3284412778212475,3.4266044664154354
88,74330.48089471232,43584.904365391434,496324.6740827576,392209.41809605656,1.2485244340517894,0.07812814613151645,-1.7263286013111026,-0.6005109820343468,0.3037063347337414,-0.059675596617517854,-0.45036886531417836,1.1044854413286136,2.5350151553055875,-0.5645931292469548,120.22117075348852,-42.909869436648115,2005-08-12,16,-0.612310643901025,0.2782902399649376,-1.3155087828954533,-0.2963578557914055,0.4106356015485394,-0.34067329158340776,0.3873357503219617,2.526660916396775
89,72044.6095539965,44975.59785141965,488616.40261413495,392275.7011846569,1.4073431175148052,0.10230798145200494,-1.9627770881049733,-0.7059624164751925,0.2761146488728585,-0.015620679561698499,-0.4781204572891223,1.0452540339853305,1.7599663637822556,-0.1256703020107115,155.35424876165797,-50.28286049335458,2005-08-12,17,-0.6989729085888353,0.3784810535657986,-2.5844272939684663,-0.04805050943412223,0.5345635415051163,-0.4141686647997004,1.550872866089176,2.3501192150492334
90,69297.87595287271,46309.967951065184,477716.79756618466,391863.4544281309,1.4438307667196306,0.1319673686208914,-2.2558864297129206,-0.792732278493036,0.24936435574510707,0.008124325930360044,-0.26161810485934883,0.831359492535444,0.46634734385477583,-0.8135784650734471,161.27640073049702,-56.80182854289675,2005-08-12,18,-0.763788086115801,0.3696460534299038,-3.5083252019260627,-0.0309791091733334,0.562645693479614,-0.5631779196143836,2.4346514340734235,2.325492752928662
91,66545.33533396274,47637.049436114954,463356.4611602673,392052.6515986089,1.3049375119230555,0.10832562366332836,-2.4388078679766325,-0.9262559643479664,0.1955601209442063,0.028539355377712527,-0.06264240109183393,0.5067701360062554,-0.6260567654161298,0.2694698724681189,132.07335477496687,-72.48383185669309,2005-08-12,19,-0.7665757026114716,0.4655148110815925,-4.339837160689891,-0.06537068708849902,0.451127312030706,-0.5976061323074149,3.1433244035444803,2.0846927267234205
92,63778.530894070114,49661.67459085265,446469.97000921745,391392.7854810937,1.3195806254282199,0.0943394349833528,-2.63777973883549,-1.1400417799364702,0.1289251224186521,0.030383065736083074,0.18227879897737834,0.113584425549369,-1.0943851870859107,-0.3441246138123446,129.08376526723958,-94.56878460516053,2005-08-12,20,0.30591118544781337,0.12956585283932326,4.1844739687913295,-3.1706343177585867,1.590906123440734,-1.1351984278165828,-5.320394283221221,4.781956702206976
93,68747.89586918699,48569.92357655808,493484.67373556487,369224.08451074705,0.5461986585405962,0.04085683683103605,-1.407394782915888,-1.4170082514398352,-0.21677249960857098,0.029314135269819082,4.601711917857219,-0.18749271543710583,-3.0419317157214314,1.094840636898249,15.992909902944811,-136.89018963000973,2005-08-12,21,0.6485464400813998,-0.13132924773934873,6.811978411429809,-6.9231357875345,1.452374435061603,-1.6185084712800393,-3.0714626179478817,6.726029603573447
94,68448.0652626562,48716.10400712934,495516.2145715121,341546.2078108453,0.5279812580890991,0.07148342337322676,-0.5634924734534686,-1.2045499741302075,-0.09242746347997378,0.044154016448371955,4.594224795737266,0.2655351861963833,-2.707782436826777,1.1285008450610443,17.27535467606694,-114.75974523645635,2005-08-12,22,-0.10151865183955225,0.3176364121928388,-0.3977609064273161,-4.124007370568304,0.5903734931027474,-1.0025510017589674,4.956474486800213,3.748485056087948
95,68016.96157594222,50856.90574434652,490620.7952092882,339531.23144265526,0.2299878766792402,0.053938602095343686,-0.3537984759894462,-1.1051122499291621,-0.0071310808570962106,0.07821439928306793,4.090282429770457,0.3935922212891517,-2.3479020761317795,0.45231036743467734,-42.87580060120826,-105.01041039831755,2005-08-12,23,-0.10785663475505013,0.5733243909631124,-0.9086656700124472,-0.9681047371472555,0.18320092487662998,-0.6639408603444614,4.8751375004726984,0.6103831844966914
96,67671.49749241983,52844.03962206375,488973.82174742245,334575.85370338504,0.6127433911907266,0.06230689363025617,-0.07476312563945195,-1.1457151449340977,0.026898919770475375,0.11316632541745787,3.6415098539291506,0.5548217439304823,-1.9593235186700106,0.9294533235859619,12.813039597811704,-106.34535938059874,2005-08-13,0,-0.11720147366325667,0.5450761165367284,-0.44702659004706624,-1.2845001832854015,0.5309498913872507,-0.7761122474450833,4.6265167095274915,0.7683699079212382
97,67173.11096556677,54781.453783410965,487402.2037609493,330282.83012300037,0.4410876943615431,0.06276427237181705,0.14236666388760402,-1.208638812999369,0.033811884177225845,0.09256485576790047,3.126409810993362,0.7159783533584708,-1.5962279439970912,0.5911306966894978,4.1172379544616335,-111.23621665518742,2005-08-13,1,-0.04567681753527116,0.5839309983361859,0.27368056623936154,-1.0090087387586795,0.42436326502086313,-0.7800369428029006,3.4361836030031476,0.37398161523017726
98,67342.62440616588,57048.34281008429,490944.32182434585,327310.99078432255,0.48967256702024936,0.03496345099251177,0.37822727392757316,-1.402310313303286,0.020856547017680794,0.05690155843864575,2.5928535949668956,0.8874985004588498,-1.1005997029818573,1.4329190727117425,37.50122496546575,-131.15394289715957,2005-08-13,2,0.06144394222236668,0.6448961893170477,1.4875340903681595,-0.8818765292754446,0.565223413217447,-0.8492791334173957,1.9732193455465585,-0.011162557496564696
99,67615.50734956781,59424.70634649371,498112.44921160006,323933.31911221717,0.2510291861374068,0.017791349889177088,0.6020528436740225,-1.6286903859922253,-0.024546186077017917,0.0707035207769854,2.320740117839447,1.029890710202678,-0.631750543904971,1.2270726554789977,15.439860889761515,-153.9061526216797,2005-08-13,3,0.11712820700860296,0.7941184078130542,2.3234034754497084,-0.9045309293287654,0.4104949291122048,-0.9230668488453335,0.8504186722011677,-0.2963215901348044
100,68185.94749662782,62765.99534633828,507672.82684758375,320798.36809315544,0.2822369075541147,0.025442721938113276,0.9426383246309537,-1.765404391395669,-0.06408123810826288,0.05790628538183372,2.201706832240596,1.196654684421572,-0.39201762790174716,1.629622136454683,5.1513455752000965,-167.38029147246485,2005-08-13,4,0.18887987505618892,0.9118037181114494,3.0473886197876223,-0.8546234086461401,0.5606407426566797,-0.9369496806041665,0.3791934446380423,-0.6567646229589106
101,68975.44244997237,65989.69311689615,520053.64727407094,317780.03056996496,0.1762671224581814,0.04336465206557007,1.2270193513724468,-1.8366318704220204,-0.12208153092873367,0.061789498465586304,2.3055558698316267,1.4312314949404052,-0.35290349578800884,1.5913498624620728,-5.467489262612131,-173.06029935706172,2005-08-13,5,0.3150162840233881,0.851205352345673,3.7135731309920086,-0.6980756280019704,0.6567295894758732,-1.0905806686075037,-0.004730787329753294,-0.9343440988520915
102,70454.06474159622,68894.67388322712,534410.5533907262,315772.22357154125,-0.06891796952738526,0.04845851892072306,1.5062570439932896,-1.7461664770456564,-0.14163488903580168,0.08729075062849231,2.4521399384209905,1.5496696423443268,-0.4981826203392048,1.8068671032857582,-37.49185667413747,-164.98036613318214,2005-08-13,6,0.5249451879433925,0.8041713252718343,3.220648063794207,-0.8241278977669895,0.646120626372532,-1.0777444213230374,0.6688309490926878,-0.8786259809276298
103,72755.0478031648,71779.72665885335,543242.3133333892,311846.30970604264,-0.19424169895433774,0.08239332281237145,1.7020444873158176,-1.5459320338671134,-0.22107995245377307,0.1125610425209961,2.616874499090014,1.5182991810716748,-1.3544114139640506,1.384269167185461,-36.49106300303048,-145.43764829126374,2005-08-13,7,0.6037688553430295,0.7083647752628773,1.6384743469684164,-1.0860265214613092,0.7130004316548363,-1.0325216239376036,2.4862029404830777,-0.643650818649947
104,74801.20050006603,73994.90026511984,546207.5686888988,307952.8326170198,-0.13747746065131622,0.09390226481236093,1.7070763775438293,-1.406684541751488,-0.2978680093188492,0.13662936960039218,3.277579965399138,1.5323371847584522,-1.8571640008952246,0.6333793637256415,-23.795968062516817,-132.74759285183566,2005-08-13,8,1.5857637254760448,0.0651529288602089,16.1544145360638,-2.4016411714735297,1.8400565389559387,-1.5720632473040321,-11.307235653772148,0.8202174369366646
105,84172.54662659232,72248.82774664686,659554.0979930486,294554.4932714332,-0.5610413602918128,0.051865136097571915,2.2173715499389024,-0.8551434292522123,-0.6171361561154132,0.31691476668544166,3.7858167680202155,1.797316461999155,2.9867479268924413,0.44945758357290466,-48.69493252346161,-81.50021948825068,2005-08-13,9,1.5009053615576764,-0.29103575468407344,15.890173646183959,-2.510734651891964,1.6088652934788485,-1.5149590867192995,-10.448026688516652,1.2355361347000045
106,85607.7191032813,71899.44283139451,660616.8189414233,289875.5431233977,-0.8239438816821244,0.023089624400353753,2.0647802159781086,-0.8833465319581884,-0.5674693471098151,0.25668875852022327,3.580085112227941,1.7534054092800753,3.6391705224769733,0.03329310639572919,-139.3862703743277,-88.19503270971278,2005-08-13,10,0.6202038435630554,0.14795782602341004,0.7784716150748298,-1.497610983027108,0.38681893339109985,-1.0151670888553554,4.042449831449096,0.3028896443708864
107,88638.01430024632,73314.12409401541,665159.0936215874,283771.69419363805,-0.7203661791826428,0.031787164871016835,2.242640564574504,-0.6351168318514895,-0.6630935647396032,0.29937762676975543,3.0302080946437844,1.8941513257986227,3.6831236122194966,-0.11813155879465077,-119.0243634854876,-62.289588981574255,2005-08-13,11,0.7515695226895838,0.16741190320283447,1.296777903777919,-1.7547315065244846,0.7260840731175611,-0.7988697202894273,3.255704576257726,0.771125435897114
108,91019.0196666463,73104.80853445492,669953.6198486243,277241.4762764214,-1.2254914549801015,0.02308621029987373,2.3496757518643823,-0.5669695802840473,-0.780298229268976,0.3506421957299068,2.2122513321361783,1.8985613135853074,3.3408685818634343,-0.2925315081230674,-149.996021407861,-57.65337674094572,2005-08-13,12,0.7304345422087802,-0.20926432144981946,1.2827610145190071,-1.498410468745359,0.30832752679752845,-1.1499623077636474,2.053674614501452,0.48032645018223685
109,93897.14300414953,71807.42097957671,674394.9729261242,272983.13881867146,-1.1031210707948078,0.03282077332104703,2.4129554255228123,-0.7357444318085404,-0.9607957706596867,0.4104261530268013,2.1743778594975427,2.1975130121029416,4.784477302475381,0.6572065174484598,-113.05626798108996,-75.67824837896113,2005-08-13,13,0.8501092672472421,-0.24412035700409332,2.877146081757722,-1.004822767942759,0.740604740433168,-1.423111715160482,0.6070661324678248,0.05363592271434792
110,97139.80639082644,71347.14196402545,690669.0716372799,270006.75234723353,-1.566919290221139,0.038614167748535745,2.318387866579892,-1.0602174910924176,-1.103479880486894,0.5224475954826634,2.161867685493558,2.7290959338179834,6.540869360032454,0.27885500591228035,-115.74376995530261,-112.35143536097506,2005-08-13,14,0.7788618019571064,0.019183494092507723,5.274699916238508,-0.9381548736448329,0.35403655997139705,-1.602095760231109,-2.3613636543861976,0.2886454497905069
111,99504.9479782407,71945.54213704276,712372.8123230415,266228.42372842866,-1.3052142873324803,0.049236815874408174,2.2164474960901694,-1.1400796690276223,-1.2539113791987255,0.6003765469838193,2.867875217248339,3.127529039570464,7.44128606971768,-0.07679122593692592,-100.92036886978994,-123.30470277177285,2005-08-13,15,0.5610801262847094,0.44659284210676764,7.214676987229727,-0.6578547627320142,0.5590140340253628,-1.343100189779082,-3.4355685612236986,0.4288566371846865
112,101179.58330007635,74562.61042719417,742614.745945334,265270.198055563,-1.536513858261416,0.050154831575479536,2.1679325042463815,-1.199529528677885,-1.4027606514143929,0.7251873942426262,3.6152769370218043,3.2476242202527574,8.399438648761686,1.0170559860027755,-121.54954663957831,-133.84493182252754,2005-08-13,16,0.3846683034566882,0.9248330243166473,7.714308297431546,-0.11928665979930277,0.3010699281851448,-1.0500387301793435,-3.4676127144247757,-0.0005511528722061954
113,102274.55976312885,78604.33991212262,767915.8320645486,265369.5597778737,-1.4843791992520552,0.02665851190936237,2.1645606982906527,-1.0963193544216094,-1.4377645687343208,0.9482194268322105,4.499044096372789,3.55934427898192,8.238740488463511,0.6945526738433788,-92.20710183262229,-129.3364914992584,2005-08-13,17,0.39833129772601955,1.1160127140372282,7.079707161184746,0.15833220617472965,0.3783751791176475,-0.955184579125954,-1.9004815657733598,0.1401320200949283
114,104047.5686437037,82597.90196826222,793588.6375058641,266410.1899400211,-2.0658194746129395,0.04849682574453772,2.1188927376081566,-0.7702534375121315,-1.4617210876088274,0.9669846382093428,5.361902139363612,3.717414592324892,8.642402472862736,0.7889060928570119,-148.72114741895723,-93.12061050219872,2005-08-13,18,0.789191198695086,1.0299765466934574,6.888650635472101,0.2529539421140281,0.23358963743551153,-0.7557583547725546,-1.4736752331132719,0.5753144750905759
115,107956.73639373347,86020.17104831552,817514.1166399478,267190.8281610947,-2.5526678627100874,0.09751568550215313,1.981873493308775,-0.6140694925877135,-1.495472428539782,0.96509454140169,6.355210717361979,3.8628798880577215,9.090328390419327,-0.270475339603214,-193.778748365711,-67.87168018331921,2005-08-13,19,1.3364281424434599,0.8734033082898996,6.5174665739758995,0.10728875084139872,0.37674839377530756,-0.803276411201657,-0.7330502260152318,1.1596481513198342
116,113669.8512692966,88886.4057879495,840514.3968384906,267182.66894607915,-3.30386995800282,0.09168712647529989,1.823331527891835,-0.3508265177270986,-1.4484297104805743,0.9340407807039824,8.402903167414811,4.434908003001839,9.74278679850767,-0.6737216139196543,-283.3784634207818,-34.80972897233501,2005-08-13,20,-0.45631993548672956,0.5652540802292606,-7.93706567233493,0.17978937693287056,-2.2200730565336753,-0.8113003446771203,14.859430409638756,2.080960580450035
117,104671.23285822902,90090.0004259662,760367.2437991363,268485.31167501135,-2.15099316721464,0.08251959501620648,1.4881995815751583,-0.4330550331036981,-1.0828257326979696,0.8070115832138989,11.939559540648279,4.361380618256216,4.104091604623429,-1.593923403345928,-144.17086894849214,-42.5412840646226,2005-08-13,21,-0.448759005278775,0.6356860084722312,-4.523072616953868,0.036829381300534196,-1.434406844779239,-0.6869002028615722,15.799838571962667,2.403296622276825
118,110438.78643128942,93463.34504894956,807948.2739964228,267447.840491443,-2.74700379157531,0.08149375258246248,1.19790071437802,-0.3590409110982609,-1.145752741405451,0.8067119537181842,13.99297019851934,4.195026663843128,7.416378804329119,-2.809315527404028,-267.84922281623614,-32.687515891694495,2005-08-13,22,1.6110257447318792,0.9513506104665309,11.689662310720175,-0.3760381837029854,0.09126844714448246,-0.2958960069323766,0.754204810601875,3.014123222069833
119,116270.61822029855,96939.72482132522,844532.8124363215,265777.83675234986,-2.8869393620249784,0.09016656214108447,0.9567358990925632,-0.591563319228108,-1.0933470062582085,0.7555753927105705,14.890939134879346,4.242916523263433,7.384230394948759,-2.6137542315987123,-219.75224991690234,-54.508542146730356,2005-08-13,23,1.5770209637202768,0.8945153482512777,10.73928734448263,-0.46286643311980397,-0.12640482990540858,-0.5427899258284853,2.2214483274643015,3.1574837380625658
120,121793.33737007542,99903.85555635876,885271.1428766977,264115.2021729804,-2.6883890479511,0.07518382532979792,0.9121916362701549,-0.4354253263113598,-0.9318802702800666,0.8231696677174561,16.369047051102747,4.225896434788082,6.955204461408656,-3.3751377264333406,-211.10681924358164,-39.906422231826376,2005-08-14,0,1.7150833722292778,0.7532743632158518,12.405764580916568,-0.816569223959357,0.0337584198880424,-0.580504456142762,2.187085058505234,3.694848696165924
121,128619.21850034935,102363.30023647935,933854.3174189208,259898.5383398425,-2.79545084045995,0.08219521100012303,0.9034410506799604,-0.278008166916099,-0.8463990405606036,0.8667133138468286,18.362389633931507,3.9559484847092827,6.720056880963847,-3.258760437564682,-225.08464295790355,-26.245213860110375,2005-08-14,1,1.7658982833129488,0.5847345411983608,13.86777724039162,-1.3139365921221946,-0.10095830558627439,-0.6421821505646899,2.6026026037598964,4.0884358592354175
122,134507.80500992865,104113.94425298696,985119.1390075174,254654.8587097006,-2.191457763840955,0.10416049955621247,0.775089431777487,-0.12073005433957631,-0.6370397901264128,0.8411533127466819,21.570523358883417,4.1598121003055235,5.785317056050234,-5.348276562188276,-177.49599397841257,-9.901321823359407,2005-08-14,2,1.7801893516108045,0.4249958267253593,14.730614721536178,-1.770796220285269,0.3299318774524746,-0.6410480399171115,5.4235403052837725,5.034788834473729
123,141436.58183194714,105423.27018890194,1039914.7434139813,247148.80555378855,-2.3677539519321082,0.09578809202137933,0.7172480177549752,0.0676596490377252,-0.3304617522056487,0.7123554358879794,23.895445195237734,4.2049055029730456,4.880912715047998,-4.962673577905782,-202.45834252338472,10.532717665571427,2005-08-14,3,2.2324094627317876,0.28143086460621514,15.017947887439611,-2.0519749717527076,0.29090535502670745,-0.45905301426541845,7.22699137362099,5.6072921060085035
124,150581.15314159752,106140.2464781517,1093248.3637970826,239880.63891308111,-2.896963892253154,0.10208321487441747,0.7295238157088505,0.2892029783904401,-0.03395983494259515,0.445850894479069,25.946654942848113,4.2157003206524015,3.226383576637868,-5.683688142172015,-227.57296923349372,36.682110529786456,2005-08-14,4,2.820588909741483,0.004621773168780944,15.485054396532941,-1.9566122855557881,0.05966806730534155,-0.2541093577942654,8.294160469770869,5.731991768889779
125,161744.82198208582,105456.54695571716,1151407.1350690185,233061.19709778688,-3.1470928605146273,0.10873089401669087,0.9093893347463635,0.4414676935200197,0.20285761619276296,0.11929157046251043,27.286810144174638,3.858299254243222,1.5657293712424982,-4.9499935755374125,-288.8937582873361,54.996214870982506,2005-08-14,5,3.2950184636310302,-0.44080325279335336,15.946185357968563,-1.8423417533554391,0.053798880940330834,-0.22735802375253494,9.10292126043781,5.232719366372318
126,174305.28607974094,102966.46305803956,1208060.8983744562,226615.77828892195,-3.1312898982675392,0.09736736797194713,1.2383215247795776,0.653089821596541,0.45688563938523774,-0.20433401958498779,28.538368245629997,3.458752645984738,-1.4387455764657289,-4.199323842925538,-287.9643718212265,76.24899401152406,2005-08-14,6,3.6885924296675228,-0.9433830885174271,14.112968273918506,-1.8129408819357073,0.1977842599866929,-0.18332661530784553,12.532431598223532,4.686461824737409
127,188302.687475692,98664.18871839168,1253020.5066412317,220008.02274784978,-3.186290924157304,0.08036576219849553,1.514737542820939,0.6715879393722332,0.6225360894164488,-0.5450749777040951,28.660592240588663,3.3910199184460033,-4.074254707475436,-3.7480286862241634,-320.5524868431433,78.53208704064748,2005-08-14,7,3.93042728456443,-1.2947394392298681,10.977663812252512,-1.7143165671842913,0.20196603318917283,-0.15844228435203533,16.011375046999785,4.262186882181588
128,202604.36252860483,93644.33909558451,1287100.0778226743,214272.69900519506,-3.071607888866924,0.0712492353628569,1.857009904830345,0.5622104959258069,0.8063259063223152,-0.7248104056807153,28.230312220533726,3.5534242505648432,-6.90545660745579,-2.610809472614288,-310.5681720139715,67.31233714118233,2005-08-14,8,-5.4345078905136806,0.15197693150656455,-27.004581508674438,6.679857238054097,-9.241192450340062,1.36774859775023,54.02029574517158,-4.421232396393792
129,149174.23066399348,99758.42262523895,1058587.5197787757,268102.9948618393,-2.303500023948971,0.19692875827850242,0.19428315791141762,-0.9898893715099577,0.3017970270715739,0.07795530618149563,24.375172393037804,1.1997161619089365,-3.071705240191266,-3.669382242378942,-284.5236244727333,-87.54635129973539,2005-08-14,9,-5.86194369051793,0.6319806257488078,-30.70924763192374,5.463688174953224,-8.270311983259973,-0.632792810221148,52.97520315892399,-5.448144542465663
130,160398.36795687574,98194.59960097593,1065993.4948728234,253611.25386485827,-1.7092915941449967,0.22118825023766486,0.6416711713101425,-1.0050930984543023,0.08697036201086003,-0.027705923253008406,23.58414259693087,1.2791752905493405,-3.4743552744196937,-3.5725244899270656,-225.38301426833414,-96.92809550586789,2005-08-14,10,2.8344937998488806,-0.5939107040967145,4.047020502709169,-3.9825813137884607,1.259420093930689,-1.7924861295356733,18.469501671386848,3.6149923345733566
131,169582.58602290542,95482.2655557426,1087726.0673982818,239428.40940256236,-1.8854165497722588,0.22425262524670414,0.9883907008148748,-0.42995134237616,-0.002279747159508478,-0.19358099556367098,23.774290448166532,1.5136585881339943,-4.521950016866286,-3.838341898998222,-290.40547650367705,-41.04088791752003,2005-08-14,11,2.645517544988971,-0.9823633616806526,6.020608528017991,-3.4541301282715198,0.986633367622925,-1.4429863337398459,16.856656071191157,3.5494466732144794
132,179446.09428079633,91121.58339687523,1109341.876274553,228741.51694130333,-2.23440700661571,0.22128565295882766,1.1332447424257774,-0.5511003368755576,0.03918499585149529,-0.27770385358283467,24.008316157216818,1.7530195326062248,-4.941673592084834,-2.8631044337092715,-308.2164251905062,-57.5074037268016,2005-08-14,12,2.806535627647257,-1.059854900646858,7.19629528542502,-2.969033565900512,0.7542292781388796,-1.5545370368984086,15.710858607601866,3.0377080192054016
133,189789.64254196567,87851.31027108523,1139539.393453342,218051.36772807868,-2.109862716632689,0.20961861514972735,1.365981480812783,-0.5349835238427698,0.04436141802587995,-0.32965323162976407,23.566399297336936,1.9010650703050063,-4.885842021563693,-1.7675027207989489,-284.4542873881125,-60.3846045237194,2005-08-14,13,2.6875138500936213,-0.7709894436251145,8.810321691323802,-2.5362952709203173,0.7429083305847799,-1.1859383509878476,14.012196370193228,2.536395336569771
134,198796.1940014704,85570.4594027744,1172776.1924520843,210480.19099067705,-1.8657164996271922,0.20782831142088495,1.6265899415398484,-0.6652612161037637,0.041785203003445855,-0.3381918344891416,23.438841028381837,2.296950802398863,-4.256629915843934,-1.6455662774110091,-299.75771116727407,-75.89227696801473,2005-08-14,14,-10.771778063772778,-2.6698391063037463,-29.307778918901686,7.212626808831135,-12.471451454982532,-3.2047367993392535,52.50749338919618,-7.207527164075884
135,112232.84048280166,68628.46870569825,928523.3852372498,269982.28075166285,-1.8618930156630722,0.20738160135721873,-1.3817236204702528,-0.9400733689405633,-0.39743311268225406,0.3517382358159572,12.588666818892374,1.3480351767279872,9.358811026504576,-3.1350914450758967,-277.73639546960436,-97.5957862529488,2005-08-14,15,-11.242572753700008,-2.2453599710739502,-28.241295516997504,7.35215928838311,-12.499651055323609,-3.744553177187689,37.58634569975655,-5.562473860125433
136,117849.67017483035,69403.86761104196,969438.8647297022,263415.73786703544,-1.6876310266577335,0.21285024376313313,-1.4762051181647402,-0.8938914399236324,-0.3282506697222581,0.2907736378229984,14.828654648663727,1.0183071557997854,6.296569176832547,-2.602178584008529,-301.73782277222824,-92.77461921235826,2005-08-14,16,1.5032247655079887,0.3336799677307196,10.139942427180051,-1.940838316615114,0.35669465233564646,-1.0638353537790444,1.5248760766612026,3.5414591506560074
137,123056.05879445918,71030.96447335943,1001530.9707129461,256008.24487203403,-1.4111825684143575,0.22974148116837387,-1.4955105841436107,-1.3103616665810245,-0.2660986959135779,0.23751417116899767,17.068913157004005,0.6255037351541255,2.610912216436131,-3.000052779138291,-340.2806175492702,-133.39422988076595,2005-08-14,17,1.5572785647184901,0.59780857341132,8.253854945201585,-2.3960786091368895,0.6419361733860844,-1.179808745507076,5.908365059244451,3.2067312618536015
138,129062.07584080347,73708.08933960347,1028866.6203351537,246163.97188124983,-1.3646751118294493,0.25399181062843523,-1.311790215831603,-1.7243540045334471,-0.24803208833930082,0.24670760357833565,18.817455656565247,0.343841556731197,-1.6435319937378483,-1.6586893364559212,-340.661406955782,-173.98519202015905,2005-08-14,18,1.705241347649842,0.8696961679070774,7.107637021764256,-2.7128712031915305,0.8425901347881287,-1.3553572508331406,9.033353307139938,2.644148971220883
139,135333.79649753805,77292.77688229039,1052705.9572696488,236475.572209055,-1.3149603440702335,0.2524233674481256,-0.9936648398441865,-1.8755145965970732,-0.21242655999843338,0.22988209962624143,19.696464206031006,0.3028133346729526,-5.6087659466111734,-2.231992778900532,-346.7101157058418,-190.2785755172228,2005-08-14,19,1.9481972631953735,1.0280789212248298,5.314909076857261,-2.8150797392121683,1.0980868465716989,-1.3297411424466103,12.072929945259325,2.2360433171322343
140,143089.09613581016,81110.25757242224,1067133.965688526,225895.39775892222,-1.9189522337013214,0.24259749994154198,-0.6325224069347668,-1.7773853474401118,-0.2202554186076695,0.245010768993118,19.83598415808985,0.4363124799919565,-9.891664534142407,-1.5143583475187432,-379.43206977676533,-181.58738752926925,2005-08-14,20,2.0828426106496165,0.9138196911202027,4.3187468009445,-2.8220756223400048,0.6267432954975066,-1.3511739252545691,12.965762716509262,2.113525161826616
141,150330.26329421528,83872.27865835585,1083800.9342364492,216156.62772820698,-1.421588464794952,0.228824725123332,-0.19697837975719046,-1.5174101005050962,-0.17548512952290654,0.18523993190593693,20.31973887016932,0.740974037847324,-12.447084360666548,-1.7140322703679742,-319.64256887169967,-155.05983033753787,2005-08-14,21,2.7435511245848425,0.4500114427465067,3.055399886897552,-2.8491736103131755,1.726272514436129,-1.4814633147878584,15.645772138719625,2.2697159274125935
142,162842.66423282103,84350.33996019709,1089132.8448741883,205381.34776466736,-2.5880417171290535,0.22070009200756466,0.12505992537733301,-1.4845655144318273,-0.09743385521853212,-0.015843456560981087,19.407253624867536,0.7296922494812914,-12.106682729820248,-1.592768623679484,-481.67971735123143,-149.22095723725974,2005-08-14,22,3.076828824979748,0.2872236735400252,2.768126326873672,-2.9616272532894072,0.8069210550767912,-1.4021984763383857,14.176145506242143,2.0816940629615384
143,172483.43083406947,85940.28910784403,1103731.4437899396,194832.91150452325,-1.9964247569293472,0.19553138564044606,0.453950443491711,-1.4667991661432618,-0.05406279307657192,-0.1393037794684923,18.58234365238849,0.8643220143897352,-12.868913088678974,-1.4238019702915412,-417.8218947982357,-146.6461102576503,2005-08-14,23,2.4989844761637587,0.2601444653065078,4.2429252388708925,-2.665040401609472,0.7521538979514295,-1.2628823070087076,12.796944100079962,1.6086128063642346
144,180835.3524612001,86223.38011040394,1119681.9065940587,186193.05687307916,-1.9682808555604427,0.19097971982995893,0.9103759167121327,-1.2324139416333473,-0.13798899884195973,-0.25670670477586177,17.798988778883224,1.5173322857130758,-13.498712495433566,-1.021686302845113,-327.478005995355,-121.21997084406921,2005-08-15,0,2.250232515215899,-0.012673491128700537,5.534153141542823,-2.173405702145133,0.6109203783273748,-1.179360447816145,11.20693069849209,1.5479481295127289
145,188685.10494362394,85849.03997171739,1143577.346409048,179184.3904490783,-2.073214452493511,0.15901898858072835,1.3445333760837905,-0.9355234409045735,-0.19171104057734334,-0.34695790394833825,17.119666908101433,2.2521931590273403,-13.715236756262012,-1.0383971828091079,-407.2625499541366,-91.38695310818198,2005-08-15,1,2.085979484672017,-0.17347068413153466,7.3882825639327185,-1.5393533060950964,0.3634950613365777,-0.9210552096684984,9.002703267758994,1.5114896481340727
146,195854.4047508386,84974.3911846569,1172877.5410543743,175109.71306919446,-2.2789485701288967,0.11409014646599915,1.8982201519425697,-0.6450673258647253,-0.45689767938416354,-0.40708261771198784,16.374183471245907,3.04961493857952,-12.902449588142536,-0.9517926734315193,-405.46934515379377,-63.43539227411446,2005-08-15,2,1.9114066843235034,-0.3073802826568721,9.417816430528344,-0.9396333700998002,0.2034459400447693,-0.6594551372756087,6.575638622531235,1.4459608308720253
147,202447.23307075317,83635.9019365879,1211385.624708852,172419.03018435973,-2.7035703272542464,0.05518629591788122,2.2440130573176087,-0.7260263140765597,-0.6124436580695101,-0.4686073641681344,15.554378864224844,3.666005229645598,-11.815791499651695,-0.7459778609611959,-485.25395631199217,-72.8725418632319,2005-08-15,3,2.0214717684812302,-0.3460451928384181,11.15530463682258,-0.4894046942063748,-0.014468604785624839,-0.6586504386647246,3.939516957465628,1.1853705524578042
148,210409.00148390347,82482.86579622029,1253195.7344394969,171585.99927090856,-3.385733185848579,-0.01691344476676422,2.5747872184433263,-0.5626297224436109,-0.638611459378208,-0.4916341945886419,14.384129976991842,4.30151679760238,-12.084642908368698,-0.5874224845723872,-582.9082212298928,-57.98611734279569,2005-08-15,4,2.498940130931793,-0.3399390558371508,11.651687745704969,-0.2177589708196966,-0.26509504030534203,-0.3940211389253555,1.92149626388162,1.3818588275351393
149,220439.60201346208,81188.34073456042,1295277.7764779278,170851.1655944579,-4.07851783621511,-0.07547170821959996,2.716687944896456,-0.4063641782193116,-0.8265980463639678,-0.534773087058824,12.904141127462243,4.5489068227184335,-13.166851926158419,-0.5246599934547075,-745.0365977275492,-43.28620414575744,2005-08-15,5,2.905115631969319,-0.5355730670313096,10.53201619785402,-0.16379767981575344,-0.4222758661014233,-0.33169244997219727,1.01029503828957,1.5896523794184194
150,231325.83403408257,78626.73971359486,1329026.2510640458,170406.65597623514,-4.437244891104865,-0.10820742802776345,2.802995596907793,0.03284319506578155,-0.926496435246925,-0.49449108976041406,11.961720225233423,4.706280620724428,-15.095584317287852,-0.6735555330040683,-831.7509333136393,0.49334406009135545,2005-08-15,6,3.157590758813078,-0.7980553806681787,7.073933238988684,-0.19528887154897853,-0.4613651250726255,-0.16251366781421966,3.253537692047667,2.1314170904313947
151,243174.25547691624,75442.34199374953,1346210.0957986463,169445.08571930527,-4.193478698501059,-0.12283965091132634,2.8604903453505353,0.2548150680056139,-0.9585731339031514,-0.3383647348387664,11.273827628664645,4.854561568099579,-17.36371014097988,-0.7546042499530891,-862.4512218302207,21.03972495204367,2005-08-15,7,3.0564832585427695,-0.841249502286066,3.1978672077772594,-0.02878208772928095,-0.3012619569664641,-0.1252300485303594,6.742972067736862,2.2776683784839387
152,253332.5134955905,72569.74329713518,1352050.894960042,170199.42494458432,-3.5354348608231216,-0.12307160436610194,3.0122001843151587,0.4087152679401032,-0.8032308256057872,-0.22228442319738717,10.70898360246292,4.932142624417837,-18.87138671673084,-0.35333939078546645,-812.4745019458886,36.63477541000773,2005-08-15,8,2.7059570281623704,-0.6619415555582762,0.7429879345503609,0.25643934192755197,-0.14931861142106606,0.0921297399453162,9.442760991404597,2.07221836611523
153,262657.1460796853,70676.36279372995,1351559.608927409,171291.44898118364,-3.5533726266548147,-0.10722932018414298,3.033276938288693,0.3823109397132912,-0.9100086226422184,-0.08007988005694132,10.038791710621876,4.762497548291408,-19.573149033674735,0.35263360089841606,-872.2200111964565,36.48169221521406,2005-08-15,9,2.5705637187019805,-0.4394361066054585,3.8484282320632417,-0.22806487503858888,-0.18002960549475877,0.13018403334891704,5.670267790192512,2.339596424754595
154,271840.57227024477,69405.80332957588,1379759.5782308974,168557.35784430648,-3.5595227740040767,-0.1013462795220269,3.393202267885806,0.6225858970856416,-1.374018463767018,0.023130293395004265,10.077288429911176,4.361429634755504,-17.68426206416072,0.3201768630728458,-728.4185293266129,67.19791654510816,2005-08-15,10,2.335617965271991,-0.22833201531997271,3.4680261620608186,-0.445776423757068,0.04876737551290544,0.4724698678926915,6.4429417617320865,2.036589687712408
155,279473.59542964364,69032.37228342614,1376529.3972942468,168081.85873013275,-4.198441491088014,-0.09849294297657243,3.4774509921758505,0.5093540977096128,-1.6042672015721584,0.22139327287219432,9.088483205061708,3.824285366111408,-15.239743639107306,1.0154875043376173,-825.1398900114388,57.74486022828594,2005-08-15,11,1.9415558505513684,-0.1908347587033394,-0.20888844068669843,-0.30534805160462486,-0.7511113819410598,0.19561900911065153,8.576381146836244,1.161536523249795
156,285819.7743942146,68031.79306691184,1378255.5814579532,166358.85187275318,-4.072205605003186,-0.07652143201689911,3.4335592278335296,0.7866009982063906,-1.9931712845985006,0.21078736015633284,8.021203781353815,3.1919363930901543,-12.61501991666441,1.1476406047496115,-742.6757491194707,89.5217926606751,2005-08-15,12,1.4170895024192982,-0.2915525534676736,0.3268958081030158,-0.5214806124884732,-0.7384662500022863,0.3607825165992833,7.055661596081143,1.0664587759514887
157,289676.6398470626,66933.19389845889,1378883.0471125885,164327.19832021574,-3.609038935506553,-0.09028312932510092,3.3687919484736475,0.6625344787020658,-2.282317011564957,0.0709427244868048,7.116187396454728,3.0486412173026003,-8.406911312379957,1.6631989942903678,-512.7267922655919,75.16900881400888,2005-08-15,13,0.8460582212416274,-0.33718269978722065,2.2962716072275846,-0.32430099069862384,-0.5709468320250695,0.34469218375314126,4.579668802194238,0.6666847382296424
158,291911.39358715434,65604.07762844385,1394788.7370299918,164023.8847397231,-4.0225363892450865,-0.10626973644468436,3.258107970270542,0.658209959923872,-2.6161957620750442,-0.051348377347967586,6.189119501170254,2.9781145453524576,-5.160951649836248,2.7278421789873435,-390.8444553534595,71.67680337823778,2005-08-15,14,0.48508973995543786,-0.38230629314572473,6.3196445718121765,-0.019047749602270618,-1.027520623659289,0.4335217805707992,-0.8949534896164675,0.3972642846080583
159,293169.28597474174,64180.588587809674,1424384.4880296362,164190.0545230794,-3.399020513300425,-0.12482725943509304,3.081601177871963,0.6990281135468079,-2.7246773737321237,-0.17865810397044726,5.696513461128506,2.9898519991348538,-2.2604328267193483,2.3234239909743524,-181.96945024673713,74.70147053380317,2005-08-15,15,0.07585713208065296,-0.4569770663340447,8.124474319741743,0.40301438094933273,-0.7233132669227413,0.5455364106183035,-2.745380194041698,0.2042645538603658
160,292457.56493813504,62313.842750838725,1453284.9521321324,166925.58828255828,-3.05687924408524,-0.10535008563799632,3.024543293473224,0.6657429894458042,-2.8655656187061913,-0.2562761134305358,6.069080720480582,3.459171814402093,0.9583558318379903,3.5149595791562014,-82.59987723622197,73.28253233455504,2005-08-15,16,-0.2950585815222439,-0.5381917101721946,6.776995776803426,0.9578783973838492,-0.5917222925392887,0.48917747834214176,-0.7402510069348596,0.1424931129908238
161,291044.8641877816,60305.60827456987,1473178.8576226209,171086.7789842431,-3.0210924887563504,-0.0891891372079995,2.9926102528413296,0.603749903554806,-3.0370338412012905,-0.2949724171661228,6.665379835462723,3.873251644045142,4.025578419268512,3.5965899714641805,19.74057614728942,65.43095528895437,2005-08-15,17,-0.23426185377240472,-0.5352256810192557,3.890322992094346,1.2574210879666659,-0.3075096385354641,0.45268577690967254,2.7465746074533564,0.22697020679195257
162,290770.8795909737,58460.217847500084,1481295.2776752117,175979.02011591828,-3.8497131561901767,-0.0691856114591916,3.0812560277230943,0.6042986159346778,-3.183783233763645,-0.33585545413292006,5.679076125851249,4.351430287727288,7.031573736966637,4.188119763182952,27.6504210307871,63.77362791876886,2005-08-15,18,-0.07610683244662747,-0.5126084519638304,2.254561125719661,1.3589558699097688,-0.811222366332351,0.49673122956295906,2.656057871664505,0.5155170060291026
